,index,first_name,last_name,date_of_birth,company,email_address,address,country,country_code,phone_number,join_date,user_uuid
205,205,Stuart,Brown,1989-08-28,"Alexander, Jones and Lee",dohertyjulie@@taylor-humphries.com,"Studio 8
Walsh haven
Alexport
E8 9LG",United Kingdom,GB,+44(0)808 157 0063,1994-09-25,7d33239a-5d5b-40d1-98ae-5fe50ceb7d64
1074,1075,Bradley,Hart,1978-09-05,Turner-Taylor,josephinewalsh@@white-gough.com,"60 Gareth corners
West Jaybury
G30 3UB",United Kingdom,GB,(0113)4960793,2015-06-09,993d3d3e-76cd-41e1-83f8-1602a73ef756
1269,1271,Sophie,Davis,1957-08-02,Morris-Iqbal,heather91@@gregory.org,"1 Ryan station
North Sylvia
SA9 2FH",United Kingdom,GB,(028) 9018 0726,2006-02-18,9d90c9f0-40c9-4b7e-aa9b-4d457787626b
1356,1358,Brett,King,1983-09-11,Gardiner Group,jonesandrea@@ahmed.net,"Studio 4
Josh trail
West Jamiemouth
W97 2PN",United Kingdom,GB,0289018233,2020-11-22,75086cbf-60c5-4996-abe2-137b6a9f5bc7
1911,1912,Ricky,Briggs,1944-03-19,Fletcher-Richardson,georgina80@@schofield.com,"32 Rhys walk
Leechester
B2B 8TS",United Kingdom,GB,+441174960674,1995-09-22,3cf2d4a3-3a8f-4088-841c-552a365c2ec4
2052,2053,Jayne,Roberts,1945-03-03,Fletcher-Baker,keith33@@hopkins.com,"28 Hayley heights
Wilsonmouth
LE87 8BT",United Kingdom,GB,+449098790098,2007-02-15,e2005d48-9a45-4b91-9516-0e4432ce30f4
2603,2603,Phillip,Martin,1993-06-10,"Williams, Smith and Robertson",terence01@@wright.org,"Flat 01
Barker ways
Flemingshire
CA4W 3ST",United Kingdom,GB,(0117)4960953,2017-04-09,61608275-ec5e-4fc1-b936-91caed35bfbf
3150,3153,Harriet,Nicholson,1989-01-13,"Robson, Andrews and Cox",savagemarcus@@fuller-sykes.com,"Flat 4
Georgia plain
Howardberg
G1T 5QG",United Kingdom,GB,(0116) 4960091,2019-04-27,5cf690b3-4f54-4c07-8839-db76d2cb8035
3666,3669,Theresa,Stumpf,1944-09-02,Carsten Pohl e.G.,ralf-dieterpieper@@raedel.net,"Schäferstraße 6
42813 Malchin",Germany,DE,+49(0)6170 807661,2022-09-19,89a4e5de-3b2b-4e05-8eb6-b91cdce1466e
3991,3994,Wulf,Linke,1982-04-03,Lindner,christophring@@raedel.org,"Jungferplatz 8/2
52014 Herzberg",Germany,DE,+49(0)5874278972,2017-08-23,0bc1afb4-c801-4e45-bb3d-36cc326d9f82
5124,5127,Megan,Newton,1983-01-05,Hall-Lee,jacquelinecampbell@@porter.com,"Flat 2
Day square
Carpenterstad
S9H 2SZ",United Kingdom,GB,+44(0)1514960074,2017-08-20,1301cf7e-7db0-4cbd-8630-3ef0ec73cbec
5385,5388,Sarah,Wright,1996-07-02,Reid-Stephens,cooperjesse@@drake.net,"56562 Baker Greens
New Edward, DC 74143",United States,US,+1-993-435-9837x166,1997-07-16,7ba491db-e058-4cb7-9bc5-6eacd1f37a29
5507,5511,Yvonne,Ward,1966-01-24,"Tucker, Slater and Miller",bryan49@@jones.biz,"2 Miles mission
West Peter
N0 8GG",United Kingdom,GB,+44(0)191 496 0528,2022-08-27,590ab91a-d42f-4b1d-ae19-b93ce5f9ff16
5629,5633,Wayne,Bryan,1999-01-24,"Rogers, Chambers and Johnson",mooredouglas@@dobson.com,"506 Kemp station
North Annette
E8 2NL",United Kingdom,GB,+44(0)909 8790955,2019-09-11,08c631f2-3e4c-4902-a577-310bd995bb24
5756,5760,Imke,Fritsch,1955-05-31,Baum Stiftung & Co. KG,janetteadolph@@ebert.org,"Benita-Karge-Platz 68
72555 Tübingen",Germany,DE,+49(0)2318 28314,2017-06-08,9eb72368-63d7-4030-90c6-dbb36a0c5400
6298,6303,Mohammed,Edwards,2002-01-25,Riley-Smith,tomahmed@@hayes-davies.org,"01 Lauren flat
Brianport
TD2B 4LX",United Kingdom,GB,+44(0)1914960645,2019-02-03,24039ff1-f482-4c18-ab6a-8cb1586ee52b
6498,6504,Shaun,Chavez,1959-06-25,"Garcia, Gibson and Meyer",michael33@@lee-moss.net,"47721 Scott Brooks
Smithberg, IL 84801",United States,US,+1-684-541-8519,2008-05-22,126b413a-615f-4fff-91d7-f100bce749de
6527,6534,Angela,Turner,2006-10-31,Bowen-Spencer,samuelbrown@@little.com,"421 Burton island
Wattsmouth
E2C 0PF",United Kingdom,GB,+441914960527,2005-06-08,e729acc9-a678-43cf-bb48-abb694357799
6653,6660,Geraldine,Brown,1993-11-07,Bennett Group,tmay@@ford.biz,"Studio 46a
Ahmed gateway
Taylortown
HX5 2FS",United Kingdom,GB,+44808 157 0175,2010-01-24,5867ab10-5c03-46bf-960e-b5c6facfb907
7079,7087,Julie,Foster,1983-06-15,Vazquez and Sons,iwilliams@@jones-rodriguez.biz,"706 Johnson Club
Lake Seanburgh, NC 75812",United States,US,359-747-6147x4751,2009-09-03,30d3cc01-a0b7-433e-8be6-454866dfd686
7157,7165,Jessika,Dörr,1969-05-27,Reising,ewaheser@@waehner.de,"Gerlind-Mielcarek-Allee 21
35556 Roding",Germany,DE,+49(0)9980 899395,2003-12-22,a6f52a1d-9aa0-43e4-9cf5-284dadec908a
7372,7380,Hollie,Harrison,1974-11-28,Hall-Roberts,elizabethoneill@@graham-jones.org,"8 Hart course
McDonaldside
DY36 0NJ",United Kingdom,GB,(0116) 496 0280,2018-11-05,c80e392d-4484-489f-a001-b3c6738adf02
7411,7420,Mike,Jockel,1990-10-10,Bien Löchel e.V.,ihettner@@mans.org,"Senta-Kambs-Ring 7
79996 Altötting",Germany,DE,+49(0)8967 362017,2007-03-06,550f0f31-45ee-4ad0-a624-7c7043b90fe2
7855,7866,Irene,Bell,1958-12-19,"Holland, Bryan and Williams",ihughes@@slater.com,"03 Parry forest
Lake Carolberg
CM30 3XU",United Kingdom,GB,08081570198,2013-04-14,a3f48417-ca2d-45a4-b868-be50aa88b024
8179,8191,Irina,Beckmann,1997-02-02,Budig e.V.,stanislawrenner@@heidrich.org,"Lachmannallee 5/7
53027 Hechingen",Germany,DE,+49(0)4350431076,2011-01-16,e22f9ff1-883c-4baa-9de8-6b96e594c612
8457,8469,Ashley,Harris,1956-08-03,Lee Inc,kathleen35@@evans-shepherd.com,"Studio 30O
Annette circle
South Bradleyburgh
B0 4WB",United Kingdom,GB,+44(0)1164960265,1993-02-17,db83fb4f-557a-4804-bec5-73beeface249
8478,8490,Dimitrios,Gutknecht,1956-11-07,Holsten Dussen van KG,hedda02@@eberhardt.org,"Jakob-Bolander-Platz 2
21860 Guben",Germany,DE,03727 983006,2022-06-03,a726a78a-5756-42d2-ad30-848f706f76e3
8499,8511,Philip,Quinn,1973-05-31,Willis and Sons,lanejustin@@ellis.com,"Flat 3
Murray brooks
Albertmouth
TF2 0EG",United Kingdom,GB,0118 496 0025,1999-10-01,785d12b5-01e4-41ac-9543-3a034ce88c8b
8788,8801,Terry,Harris,1968-05-24,Dyer-Jackson,charlottejones@@stone.org,"Studio 2
Charlotte springs
North Dylan
KW2A 9DE",United Kingdom,GB,(0115) 4960196,2016-05-09,78f64cfc-b3f1-40a6-a4e0-2cc00688f1d1
9326,9339,Holly,Newton,1941-03-29,Price Ltd,richardsonfrancesca@@martin.biz,"37 Smith corner
Cookeville
W39 8SW",United Kingdom,GB,+44117 4960752,2011-03-20,1cce635e-3f33-4820-bc38-1e93bc0abd5a
9532,9545,Janet,Burton,1946-05-12,Chapman Group,grobertson@@sanderson.biz,"Studio 9
Karen crescent
Frenchmouth
TF1M 5TY",United Kingdom,GB,(0161) 4960669,2015-09-29,23d86adc-3f66-47f5-b440-b68ae25188b8
10409,10422,Elvira,Seip,1982-01-08,Schaaf,pmuehle@@harloff.de,"Siegrid-Scheel-Ring 25
08672 Erkelenz",Germany,DE,(03877) 642415,2010-08-31,91ceb32d-704c-490e-ab90-4b58c40bc12b
10557,10571,Wendy,Rodriguez,2004-03-01,Cunningham Inc,nicholas76@@morgan.com,"63202 Kathryn Stream Apt. 510
West Danielton, MS 01430",United States,US,+1-969-294-6960,1996-12-24,2139bf97-0440-4139-ac83-64cb3903f909
11451,11467,Julian,Harris,1997-10-31,Noble-Khan,xthorpe@@watson.info,"Studio 63
Joanne prairie
Joannaborough
DD8V 6GX",United Kingdom,GB,(0808) 1570755,2009-01-23,cc701216-e053-4f3a-af6d-9469448d6c91
12267,12287,Isabelle,Dippel,1965-01-15,Mentzel,giovannidoehn@@baehr.com,"Handeallee 4
04730 Torgau",Germany,DE,05356 629649,1995-07-18,f251b345-9e96-4047-aa06-542cb5900901
13105,13129,Leanne,Patterson,1958-03-26,Buckley Ltd,ruth44@@mellor.co.uk,"Flat 77N
Susan burgs
East Owen
PE9 2TJ",United Kingdom,GB,(0121)4960974,1994-09-10,1e79d2bb-024d-4941-82cd-4caeed92e619
13236,13261,Tracy,Hargreaves,1995-02-21,Wright-Adams,justin81@@richards.com,"068 Elliot forks
West Lesley
L9E 7BX",United Kingdom,GB,+44(0)1214960266,1999-03-20,4d36aba3-a5c2-4a77-9a5d-ed51f08fe13e
13633,13657,Conor,Perry,1989-02-20,Jackson-Wong,allentimothy@@reed.com,"8 Leonard camp
East Stuart
N7 2SB",United Kingdom,GB,(029) 2018 0145,2022-02-07,e208b7d9-8920-4bc5-a6ac-19b56511a21c
13952,13976,Arthur,Stadelmann,1949-10-20,Kühnert Kühnert KGaA,veli93@@hande.de,"Kunibert-auch Schlauchin-Gasse 865
40213 Apolda",Germany,DE,0845901635,2020-04-12,0b4daa99-9e86-44aa-87e4-4fb3640eb221
14345,14369,Marieluise,Nohlmans,1972-01-22,Bachmann GmbH & Co. KG,apostolosschueler@@putz.org,"Roskothring 5/3
55037 Kaiserslautern",Germany,DE,+49(0)6139 313050,2019-10-02,5bf68648-afb5-4029-9941-a76300fb1380
14966,14995,Jacob,Gomez,1974-02-24,Acosta-Jensen,dgarner@@tucker.info,"67088 Ronnie Cape Suite 834
Abigailmouth, ND 70299",United States,US,001-939-991-5870x20980,2020-10-09,a3c60a34-b34b-4a8c-a34a-e695b86aa08f
15182,15212,Paige,Stanley,1968-11-17,Green Group,jscott@@chadwick-day.org,"540 Jenkins extensions
South Andrewbury
N2D 9YB",United Kingdom,GB,(0909)8790228,2011-08-12,61e43046-96ec-4871-90e8-0a8392c28d42
